ingredientId,ingredientName
1,sushi
2,brunoise
3,rice paper
4,clams
5,mesclun greens
6,acorn squash
7,ginger ale
8,raspberries
9,spaghetti squash
10,turkeys
11,hash browns
12,cabbage
13,celery
14,vermouth
15,pea beans
16,mascarpone
17,cheddar cheese
18,chaurice sausage
19,lima beans
20,coffee
21,vanilla
22,tofu
23,ancho chile peppers
24,limes
25,garlic
26,broccoli
27,nectarines
28,grapefruits
29,turnips
30,flounder
31,bean sprouts
32,bok choy
33,lobsters
34,mozzarella
35,broth
36,borscht
37,mustard seeds
38,onions
39,chipotle peppers
40,monkfish
41,flax seed
42,pineapples
43,mustard
44,red snapper
45,half-and-half
46,rosemary
47,alfredo sauce
48,zinfandel wine
49,swiss cheese
50,geese
51,fennel
52,eggplants
53,butter
54,halibut
55,Romano cheese
56,olive oil
57,chard
58,cranberries
59,cinnamon
60,rice wine
61,sesame seeds
62,aquavit
63,oranges
64,blackberries
65,liver
66,gouda
67,dumpling
68,catfish
69,pheasants
70,baking powder
71,cayenne pepper
72,bagels
73,canola oil
74,chutney
75,truffles
76,maple syrup
77,cactus
78,maraschino cherries
79,flour
80,olives
81,pumpkin seeds
82,white beans
83,angelica
84,peanuts
85,broccoli raab
86,black-eyed peas
87,graham crackers
88,pumpkins
89,watermelons
90,salmon
91,apples
92,grouper
93,guavas
94,chicory
95,ham
96,amaretto
97,pistachios
98,basil
99,thyme
100,brandy
101,Goji berry
102,coriander
103,corned beef
104,kale
105,ginger
106,oregano
107,veal
108,balsamic vinegar
109,avocados
110,duck
111,aioli
112,granola
113,cauliflower
114,powdered sugar
115,mushrooms
116,cookies
117,coconut milk
118,mayonnaise
119,black olives
120,oatmeal
121,corn flour
122,creme fraiche
123,grapes
124,macaroni
125,scallops
126,bean sauce
127,beans
128,curry powder
129,black beans
130,beets
131,condensed milk
132,tea
133,okra
134,potatoes
135,snap peas
136,lentils
137,lamb
138,vanilla bean
139,papayas
140,honeydew melons
141,sweet peppers
142,couscous
143,cooking wine
144,soy sauce
145,shitakes
146,chile peppers
147,red beans
148,almond butter
149,peaches
150,milk
151,Havarti cheese
152,figs
153,bouillon
154,asiago cheese
155,heavy cream
156,navy beans
157,apple butter
158,snapper
159,rabbits
160,plum tomatoes
161,bay leaves
162,chambord
163,anchovies
164,pinto beans
165,beer
166,Cappuccino Latte
167,ricotta cheese
168,wine
169,onion powder
170,English muffins
171,red cabbage
172,vinegar
173,vegemite
174,spearmint
175,spinach
176,water chestnuts
177,hot sauce
178,pico de gallo
179,melons
180,Tabasco sauce
181,swordfish
182,pecans
183,habanero chilies
184,pine nuts
185,crabs
186,blueberries
187,cider vinegar
188,chicken liver
189,horseradish
190,jack cheese
191,fennel seeds
192,tomato puree
193,custard
194,split peas
195,eggs
196,garlic powder
197,breadfruit
198,mint
199,hazelnuts
200,sea cucumbers
201,apple pie spice
202,quail
203,sazon
204,cornstarch
205,chocolate
206,applesauce
207,grits
208,bacon
209,sour cream
210,cod
211,tomato juice
212,ketchup
213,green onions
214,wild rice
215,poultry seasoning
216,carrots
217,lemon grass
218,turtle
219,molasses
220,rhubarb
221,plums
222,baking soda
223,coconuts
224,sweet potatoes
225,pomegranates
226,gelatin
227,pancetta
228,lettuce
229,Marsala
230,steak
231,sugar
232,panko bread crumbs
233,cream of tartar
234,raisins
235,honey
236,strawberries
237,pepper
238,tuna
239,breadcrumbs
240,pink beans
241,cilantro
242,radishes
243,chai
244,date sugar
245,marmalade
246,cannellini beans
247,blue cheese
248,jelly beans
249,chickpeas
250,eel
251,crayfish
252,cantaloupes
253,huckleberries
254,passion fruit
255,curry leaves
256,fish sauce
257,rose water
258,squash
259,soymilk
260,dates
261,orange peels
262,prosciutto
263,yogurt
264,ale
265,bruschetta
266,andouille sausage
267,bourbon
268,squid
269,zest
270,snow peas
271,alligator
272,hamburger
273,margarine
274,walnuts
275,corn
276,dried leeks
277,artificial sweetener
278,plantains
279,tarragon
280,cottage cheese
281,wasabi
282,soybeans
283,barley
284,cherries
285,jicama
286,almonds
287,raw sugar
288,unsweetened chocolate
289,hoisin sauce
290,water
291,french fries
292,lemons
293,red pepper flakes
294,moo shu wrappers
295,five-spice powder
296,pork
297,almond paste
298,chili sauce
299,brown rice
300,octopus
301,berries
302,bard
303,buckwheat
304,lemon Peel
305,buttermilk
306,sardines
307,celery seeds
308,wine vinegar
309,almond extract
310,allspice
311,tortillas
312,paprika
313,barley sugar
314,kidney beans
315,lemon juice
316,bananas
317,mackerel
318,Worcestershire sauce
319,tomato paste
320,Parmesan cheese
321,chives
322,asparagus
323,parsley
324,sherry
325,pesto
326,summer squash
327,focaccia
328,capers
329,cloves
330,sauerkraut
331,pears
332,cream
333,mussels
334,won ton skins
335,gorgonzola
336,green beans
337,tomatoes
338,herring
339,rice vinegar
340,portabella mushrooms
341,barbecue sauce
342,romaine lettuce
343,brussels sprouts
344,chicken
345,pasta
346,chili powder
347,adobo
348,rum
349,dill
350,cucumbers
351,marshmallows
352,Irish cream liqueur
353,chestnuts
354,shrimp
355,feta cheese
356,potato chips
357,cream cheese
358,tomato sauce
359,brazil nuts
360,sausages
361,cornmeal
362,prunes
363,bean threads
364,sunflower seeds
365,arugula
366,curry paste
367,brown sugar
368,coconut oil
369,provolone
370,pig's feet
371,bacon grease
372,prawns
373,succotash
374,remoulade
375,cremini mushrooms
376,parsnips
377,artichokes
378,cashew nut
379,Canadian bacon
380,Kahlua
381,bass
382,apricots
383,cider
384,haddock
385,kiwi
386,red chile powder
387,peanut butter
388,pickles
389,rice
390,tartar sauce
391,cocoa powder
392,salt
393,kumquats
394,sage
395,shallots
396,anchovy paste
397,poppy seeds
398,tonic water
399,salsa
400,peas