userId,userName,firstName,lastName,userEmail
1,W0Iǣ,Emma,Cameron,EmCameron@gmail.com
2,H3Iȶ,Olivia,Dunn,OlDunn@gmail.com
3,I2FȂ,Ava,Everett,AvEverett@gmail.com
4,K9Aȏ,Isabella,Ruiz,IsRuiz@gmail.com
5,M8VȰ,Sophia,Barr,SoBarr@gmail.com
6,W6LȨ,Amelia,Castaneda,AmCastaneda@gmail.com
7,K2Bȼ,Mia,Hendrix,MiHendrix@gmail.com
8,F2EȚ,Charlotte,Woodward,ChWoodward@gmail.com
9,I3Bȕ,Harper,Mata,HaMata@gmail.com
10,J5NȾ,Mila,Mcdaniel,MiMcdaniel@gmail.com
11,L5HȢ,Aria,Reese,ArReese@gmail.com
12,K1UȎ,Ella,Berger,ElBerger@gmail.com
13,B4Sɂ,Evelyn,Swanson,EvSwanson@gmail.com
14,M1Kȫ,Avery,Velasquez,AvVelasquez@gmail.com
15,Q0Yȇ,Abigail,Greene,AbGreene@gmail.com
16,Z9Bȶ,Luna,Kelley,LuKelley@gmail.com
17,F9JȒ,Riley,Huffman,RiHuffman@gmail.com
18,Q5Lȧ,Emily,Roberson,EmRoberson@gmail.com
19,U2Bȇ,Scarlett,Moran,ScMoran@gmail.com
20,Y0Lȅ,Chloe,Blake,ChBlake@gmail.com
21,F5Mȑ,Sofia,Camacho,SoCamacho@gmail.com
22,G5Rǯ,Layla,Peters,LaPeters@gmail.com
23,W3Gȹ,Lily,Vaughn,LiVaughn@gmail.com
24,E8Lȴ,Ellie,Jennings,ElJennings@gmail.com
25,X3Cȅ,Madison,Bowen,MaBowen@gmail.com
26,Y2JǾ,Zoey,Ashley,ZoAshley@gmail.com
27,Y9Bȓ,Elizabeth,Oneill,ElOneill@gmail.com
28,G4Pȕ,Penelope,Mathews,PeMathews@gmail.com
29,M4IȻ,Victoria,Tran,ViTran@gmail.com
30,H2QǷ,Grace,Hunter,GrHunter@gmail.com
31,S0Iȷ,Nora,Hull,NoHull@gmail.com
32,R1LȎ,Camila,Meyers,CaMeyers@gmail.com
33,Z3Oȱ,Aubrey,Clayton,AuClayton@gmail.com
34,N3Gȥ,Bella,Glover,BeGlover@gmail.com
35,R3IǪ,Hannah,Bonilla,HaBonilla@gmail.com
36,D1Bǡ,Aurora,Sutton,AuSutton@gmail.com
37,W3Oǵ,Addison,Ware,AdWare@gmail.com
38,K8Fȟ,Stella,Hayes,StHayes@gmail.com
39,V8Sȼ,Skylar,Barber,SkBarber@gmail.com
40,M0YȢ,Paisley,Hansen,PaHansen@gmail.com
41,E6Tȇ,Savannah,Nichols,SaNichols@gmail.com
42,Y9UǴ,Natalie,Nolan,NaNolan@gmail.com
43,S8Wȣ,Maya,Anthony,MaAnthony@gmail.com
44,O4Dȳ,Elena,Yu,ElYu@gmail.com
45,T1Mȓ,Emilia,Kaufman,EmKaufman@gmail.com
46,D6WȢ,Hazel,Austin,HaAustin@gmail.com
47,R1OǸ,Violet,Mckay,ViMckay@gmail.com
48,U2Pȍ,Brooklyn,Keller,BrKeller@gmail.com
49,K8Nȧ,Niamey,Frank,NiFrank@gmail.com
50,Q8HǤ,Audrey,Callahan,AuCallahan@gmail.com
51,P4OȄ,Liam,Patterson,LiPatterson@gmail.com
52,S3DǮ,Noah,Lucero,NoLucero@gmail.com
53,A9KȊ,Oliver,Le,OlLe@gmail.com
54,Y8Mȑ,Mason,Fritz,MaFritz@gmail.com
55,D7LǺ,Logan,Sanford,LoSanford@gmail.com
56,T8Yǫ,Lucas,Saunders,LuSaunders@gmail.com
57,O3TȞ,Elijah,Price,ElPrice@gmail.com
58,M3Vȴ,Ethan,Taylor,EtTaylor@gmail.com
59,T6GȰ,James,Stevenson,JaStevenson@gmail.com
60,C2XȨ,Aiden,Shelton,AiShelton@gmail.com
61,V8EȨ,Carter,Zavala,CaZavala@gmail.com
62,Y7UǾ,Jackson,Turner,JaTurner@gmail.com
63,H9Wȳ,Sebastian,Glass,SeGlass@gmail.com
64,H4JɃ,Alexander,Marsh,AlMarsh@gmail.com
65,H5YȲ,Benjamin,Salinas,BeSalinas@gmail.com
66,T8Mȏ,Michael,Bennett,MiBennett@gmail.com
67,K9NȢ,Jacob,Kaiser,JaKaiser@gmail.com
68,W7WȪ,William,Gibbs,WiGibbs@gmail.com
69,N0HȞ,Grayson,Shaw,GrShaw@gmail.com
70,X3OǤ,Jack,Sloan,JaSloan@gmail.com
71,R9Tț,Henry,Cruz,HeCruz@gmail.com
72,W2SǮ,Daniel,Patel,DaPatel@gmail.com
73,R1Oȕ,Owen,Bates,OwBates@gmail.com
74,D4OǮ,Luke,Barker,LuBarker@gmail.com
75,B5Tǰ,Wyatt,Mays,WyMays@gmail.com
76,Q8NȺ,Leo,Gentry,LeGentry@gmail.com
77,R3Kȥ,Jayden,Bray,JaBray@gmail.com
78,X6Gȍ,Julian,Stokes,JuStokes@gmail.com
79,O6SȠ,Gabriel,Lara,GaLara@gmail.com
80,X7TǺ,Matthew,Morse,MaMorse@gmail.com
81,K9TȞ,David,Johns,DaJohns@gmail.com
82,P8Nȉ,Jaxon,Walter,JaWalter@gmail.com
83,L0Hǹ,Levi,Bush,LeBush@gmail.com
84,N3Xɀ,Mateo,Brady,MaBrady@gmail.com
85,N5QȢ,Lincoln,Gibson,LiGibson@gmail.com
86,N5HȠ,Muhammad,Mason,MuMason@gmail.com
87,Q2Wȩ,Asher,Castillo,AsCastillo@gmail.com
88,H5Rȓ,Samuel,Hubbard,SaHubbard@gmail.com
89,L1Eȗ,John,Frost,JoFrost@gmail.com
90,Y4Sȷ,Adam,Weaver,AdWeaver@gmail.com
91,S4FǮ,Ryan,Chandler,RyChandler@gmail.com
92,B6Zȶ,Isaac,Mcbride,IsMcbride@gmail.com
93,C1Qȯ,Nathan,Cordova,NaCordova@gmail.com
94,X6Eȇ,Josiah,Chapman,JoChapman@gmail.com
95,K2A4,Joseph,Cooper,JoCooper@gmail.com
96,R9V1,Isaiah,Spence,IsSpence@gmail.com
97,V9M9,Anthony,Mcknight,AnMcknight@gmail.com
98,G6J8,Caleb,Stafford,CaStafford@gmail.com
99,N7N9,Hunter,Fisher,HuFisher@gmail.com
100,Z8B1,Eli,Bowers,ElBowers@gmail.com
101,R0T9,Emma,Patterson,EmPatterson@gmail.com
102,G3S9,Olivia,Lucero,OlLucero@gmail.com
103,J6X9,Ava,Le,AvLe@gmail.com
104,U9I0,Isabella,Fritz,IsFritz@gmail.com
105,J4G3,Sophia,Sanford,SoSanford@gmail.com
106,J3Z4,Amelia,Saunders,AmSaunders@gmail.com
107,W2E0,Mia,Price,MiPrice@gmail.com
108,Q4G8,Charlotte,Taylor,ChTaylor@gmail.com
109,V5C2,Harper,Stevenson,HaStevenson@gmail.com
110,F1U0,Mila,Shelton,MiShelton@gmail.com
111,L2A9,Aria,Zavala,ArZavala@gmail.com
112,X1V4,Ella,Turner,ElTurner@gmail.com
113,C6S0,Evelyn,Glass,EvGlass@gmail.com
114,V0D6,Avery,Marsh,AvMarsh@gmail.com
115,N3Q9,Abigail,Salinas,AbSalinas@gmail.com
116,Y1E7,Luna,Bennett,LuBennett@gmail.com
117,O4V5,Riley,Kaiser,RiKaiser@gmail.com
118,Z7J7,Emily,Gibbs,EmGibbs@gmail.com
119,A2D9,Scarlett,Shaw,ScShaw@gmail.com
120,U0A8,Chloe,Sloan,ChSloan@gmail.com
121,W4U6,Sofia,Cruz,SoCruz@gmail.com
122,W6J9,Layla,Patel,LaPatel@gmail.com
123,Z4H2,Lily,Bates,LiBates@gmail.com
124,W7T3,Ellie,Barker,ElBarker@gmail.com
125,Y9O6,Madison,Mays,MaMays@gmail.com
126,D2I0,Zoey,Gentry,ZoGentry@gmail.com
127,Q6L6,Elizabeth,Bray,ElBray@gmail.com
128,A5R5,Penelope,Stokes,PeStokes@gmail.com
129,Q6B9,Victoria,Lara,ViLara@gmail.com
130,Z7W6,Grace,Morse,GrMorse@gmail.com
131,M4O1,Nora,Johns,NoJohns@gmail.com
132,Z1R4,Camila,Walter,CaWalter@gmail.com
133,W5Q8,Aubrey,Bush,AuBush@gmail.com
134,Z5B3,Bella,Brady,BeBrady@gmail.com
135,U0J4,Hannah,Gibson,HaGibson@gmail.com
136,X9C7,Aurora,Mason,AuMason@gmail.com
137,F9J1,Addison,Castillo,AdCastillo@gmail.com
138,S6O6,Stella,Hubbard,StHubbard@gmail.com
139,E7R9,Skylar,Frost,SkFrost@gmail.com
140,S9W4,Paisley,Weaver,PaWeaver@gmail.com
141,A3K6,Savannah,Chandler,SaChandler@gmail.com
142,U3O7,Natalie,Mcbride,NaMcbride@gmail.com
143,N5D9,Maya,Cordova,MaCordova@gmail.com
144,H0X6,Elena,Chapman,ElChapman@gmail.com
145,U5A9,Emilia,Cooper,EmCooper@gmail.com
146,I0I2,Hazel,Spence,HaSpence@gmail.com
147,A9Q2,Violet,Mcknight,ViMcknight@gmail.com
148,M9B1,Brooklyn,Stafford,BrStafford@gmail.com
149,I7W0,Niamey,Fisher,NiFisher@gmail.com
150,N2X3,Audrey,Bowers,AuBowers@gmail.com
151,M2H6,Liam,Cameron,LiCameron@gmail.com
152,Y8V4,Noah,Dunn,NoDunn@gmail.com
153,D6S0,Oliver,Everett,OlEverett@gmail.com
154,F6T2,Mason,Ruiz,MaRuiz@gmail.com
155,T8K0,Logan,Barr,LoBarr@gmail.com
156,W7A8,Lucas,Castaneda,LuCastaneda@gmail.com
157,L1M6,Elijah,Hendrix,ElHendrix@gmail.com
158,R2Q8,Ethan,Woodward,EtWoodward@gmail.com
159,U6S5,James,Mata,JaMata@gmail.com
160,R1Y7,Aiden,Mcdaniel,AiMcdaniel@gmail.com
161,M9D8,Carter,Reese,CaReese@gmail.com
162,G7J6,Jackson,Berger,JaBerger@gmail.com
163,D3N1,Sebastian,Swanson,SeSwanson@gmail.com
164,G4T4,Alexander,Velasquez,AlVelasquez@gmail.com
165,P5F0,Benjamin,Greene,BeGreene@gmail.com
166,K4S3,Michael,Kelley,MiKelley@gmail.com
167,R0M3,Jacob,Huffman,JaHuffman@gmail.com
168,I2C2,William,Roberson,WiRoberson@gmail.com
169,K4N9,Grayson,Moran,GrMoran@gmail.com
170,R7C1,Jack,Blake,JaBlake@gmail.com
171,N8V9,Henry,Camacho,HeCamacho@gmail.com
172,N3B3,Daniel,Peters,DaPeters@gmail.com
173,S6T8,Owen,Vaughn,OwVaughn@gmail.com
174,U2R8,Luke,Jennings,LuJennings@gmail.com
175,C0Q6,Wyatt,Bowen,WyBowen@gmail.com
176,L1L4,Leo,Ashley,LeAshley@gmail.com
177,Y3U0,Jayden,Oneill,JaOneill@gmail.com
178,W4E9,Julian,Mathews,JuMathews@gmail.com
179,O7J3,Gabriel,Tran,GaTran@gmail.com
180,H2G1,Matthew,Hunter,MaHunter@gmail.com
181,S5G6,David,Hull,DaHull@gmail.com
182,P9X1,Jaxon,Meyers,JaMeyers@gmail.com
183,K3J9,Levi,Clayton,LeClayton@gmail.com
184,Q6M7,Mateo,Glover,MaGlover@gmail.com
185,G7N0,Lincoln,Bonilla,LiBonilla@gmail.com
186,V5S1,Muhammad,Sutton,MuSutton@gmail.com
187,G7U0,Asher,Ware,AsWare@gmail.com
188,Y6G4,Samuel,Hayes,SaHayes@gmail.com
189,B7C0,John,Barber,JoBarber@gmail.com
190,Y9E6,Adam,Hansen,AdHansen@gmail.com
191,V5J7,Ryan,Nichols,RyNichols@gmail.com
192,W8E2,Isaac,Nolan,IsNolan@gmail.com
193,D4P9,Nathan,Anthony,NaAnthony@gmail.com
194,L7L1,Josiah,Yu,JoYu@gmail.com
195,G2S9,Joseph,Kaufman,JoKaufman@gmail.com
196,K6X5,Isaiah,Austin,IsAustin@gmail.com
197,R1V6,Anthony,Mckay,AnMckay@gmail.com
198,Q5Q8,Caleb,Keller,CaKeller@gmail.com
199,N4J5,Hunter,Frank,HuFrank@gmail.com
200,D0H7,Eli,Callahan,ElCallahan@gmail.com