recipeId,recipeName,likes
1,French dip,398
2,Lobster roll,396
3,Patty,395
4,Tetrazzini,392
5,Crab cake,382
6,Burnt ends,380
7,Cornish game hen,379
8,Stuffed zucchini,379
9,Turducken,378
10,Italian dressing,378
11,Swiss steak,374
12,Greek-American cuisine,374
13,Onion ring,372
14,Surf and turf,369
15,Ranch dressing,369
16,Pickled cucumber,366
17,Bread,363
18,Stuffed ham,362
19,Chicken Divan,361
20,Jell-O,360
21,Ammonia cookie,360
22,Celery Victor,359
23,Steak,355
24,Chowder,355
25,Vichyssoise,347
26,Choco pie,346
27,Clam cake,346
28,Mashed potato,346
29,Goulash,345
30,Barbecue ,343
31,Chili dog,342
32,Chicken sandwich,342
33,Soul food,340
34,Lorna Doone,338
35,Chicken à la King,338
36,Italian beef,338
37,Muffuletta,337
38,Succotash,337
39,White chocolate,334
40,Thanksgiving turkey,334
41,Slinger,333
42,Cheesesteak,330
43,Senate bean soup,330
44,Corn chowder,325
45,London broil,323
46,Deviled egg,320
47,Brunswick stew,320
48,Waffle,318
49,Russian dressing,315
50,Butter cookie,309
51,Fortune Cookie,307
52,Sausage gravy,305
53,Sandwich,302
54,Sour cream,301
55,Tomato compote,301
56,Cordon bleu,300
57,Tuna casserole,299
58,Garden salad,298
59,Sonofabitch stew,295
60,Milk chocolate,291
61,Meatloaf,290
62,Ploye,289
63,Chicken and waffles,288
64,Squab,285
65,Macaronni and Cheese,280
66,Tex-Mex,274
67,Domesticated turkey,268
68,Chicago-style pizza,266
69,Maple bacon donut,260
70,Pork and beans,259
71,Green bean casserole,256
72,Charleston red rice,256
73,Poppyseed muffin,251
74,Mulligan stew,249
75,Maraca pie,244
76,Cajun cuisine,239
77,Beef Manhattan,238
78,Bear claw,236
79,Corned beef,233
80,Mozzarella sticks,231
81,Pastrami,230
82,New England style clam chowder,224
83,Hot chicken,222
84,Creamed eggs on toast,221
85,Apple sauce,219
86,Potato wedges,217
87,Steak sauce,217
88,Hamburger,216
89,Haystack,216
90,Sloppy Joe Sandwich,214
91,Scampi,213
92,Pigs in blankets,212
93,Mashed pumpkin,210
94,Pulled pork,209
95,"Fried chicken with macaroni and cheese, collard greens, and cornbread",197
96,Stuffed peppers,196
97,Buffalo wing,196
98,Reuben sandwich,194
99,Potato salad,193
100,Corn relish,188
101,Seafood cocktail,187
102,Carolina style,185
103,Cheese dog,183
104,Calf's liver and bacon,176
105,Corn flakes,175
106,Clam chowder,175
107,Pasta salad,170
108,Home fries,169
109,Oysters Rockefeller,169
110,Macaroni and cheese,168
111,Carne pizzaiola[citation needed],167
112,Ribs,167
113,Potatoes O'Brien,164
114,Thousand Island dressing,163
115,Peanut butter,161
116,Fortune cookie,160
117,Macaroni salad,160
118,Fried chicken,153
119,Chicken French,149
120,Coleslaw,148
121,Bookbinder soup,146
122,Chips and dip,146
123,Russian tea cake,144
124,Chicken fried steak,143
125,American Chinese cuisine,141
126,Steak sandwich,141
127,Biscuit (and Biscuits and gravy),140
128,Popover,139
129,Buffalo burger,137
130,Mission burrito,137
131,Doughnut,136
132,Pemmican,134
133,Eggs Neptune,132
134,Potato skins,131
135,Rolled oyster,129
136,Meatcake,129
137,Liver and onions,122
138,Scrapple,121
139,Eggs Benedict,119
140,Grits,117
141,Hot chicken sandwich,113
142,Hangtown fry,110
143,Chicken nugget,107
144,Chocolate chip cookies,104
145,Salisbury steak,100
146,Pop-Tarts,99
147,Deviled crab,97
148,Brunswick stew,96
149,Cheese fries,96
150,Calas,94
151,Chicken parmigiana,93
152,Italian-American cuisine,93
153,Cuisine of the Thirteen Colonies,91
154,Protein bar,85
155,Chicken fried bacon,78
156,Baked potato,76
157,Lobster Newberg,75
158,Milkshake,75
159,Chimichanga,73
160,Energy bar,73
161,Fried fish,68
162,Breakfast burrito,68
163,Kansas City-style barbecue,67
164,American fried rice,65
165,Smelt,64
166,Corn dog,63
167,Milk toast,63
168,Rabbit pie,62
169,Cuisine of Antebellum America,60
170,Apple butter,59
171,Chili con carne,56
172,Cowboy beans,54
173,Ice cream cake,50
174,Drunken chicken,50
175,Toaster Strudel,48
176,German chocolate cake,47
177,City chicken,46
178,Oreo,46
179,"Engastration (e.g., Turducken)",45
180,Juba,45
181,Chicken fingers,45
182,Jerky,43
183,Pizza strips,39
184,Sloppy joe,36
185,Hog fry,36
186,Bull roast,33
187,Frybread,32
188,Eggo,28
189,Pancakes,28
190,Steamed clams,28
191,London broil,23
192,Popcorn,21
193,Pumpkin pie,20
194,Fajita,20
195,Pepperoni,19
196,Blue-plate special,19
197,Fry sauce,18
198,Creamed corn,18
199,Blue cheese dressing,15
200,Dark chocolate,11