userId,userName,userPassword,userEmail
1,W0Iǣ,password,EmCameron@gmail.com
2,H3Iȶ,password,OlDunn@gmail.com
3,I2FȂ,password,AvEverett@gmail.com
4,K9Aȏ,password,IsRuiz@gmail.com
5,M8VȰ,password,SoBarr@gmail.com
6,W6LȨ,password,AmCastaneda@gmail.com
7,K2Bȼ,password,MiHendrix@gmail.com
8,F2EȚ,password,ChWoodward@gmail.com
9,I3Bȕ,password,HaMata@gmail.com
10,J5NȾ,password,MiMcdaniel@gmail.com
11,L5HȢ,password,ArReese@gmail.com
12,K1UȎ,password,ElBerger@gmail.com
13,B4Sɂ,password,EvSwanson@gmail.com
14,M1Kȫ,password,AvVelasquez@gmail.com
15,Q0Yȇ,password,AbGreene@gmail.com
16,Z9Bȶ,password,LuKelley@gmail.com
17,F9JȒ,password,RiHuffman@gmail.com
18,Q5Lȧ,password,EmRoberson@gmail.com
19,U2Bȇ,password,ScMoran@gmail.com
20,Y0Lȅ,password,ChBlake@gmail.com
21,F5Mȑ,password,SoCamacho@gmail.com
22,G5Rǯ,password,LaPeters@gmail.com
23,W3Gȹ,password,LiVaughn@gmail.com
24,E8Lȴ,password,ElJennings@gmail.com
25,X3Cȅ,password,MaBowen@gmail.com
26,Y2JǾ,password,ZoAshley@gmail.com
27,Y9Bȓ,password,ElOneill@gmail.com
28,G4Pȕ,password,PeMathews@gmail.com
29,M4IȻ,password,ViTran@gmail.com
30,H2QǷ,password,GrHunter@gmail.com
31,S0Iȷ,password,NoHull@gmail.com
32,R1LȎ,password,CaMeyers@gmail.com
33,Z3Oȱ,password,AuClayton@gmail.com
34,N3Gȥ,password,BeGlover@gmail.com
35,R3IǪ,password,HaBonilla@gmail.com
36,D1Bǡ,password,AuSutton@gmail.com
37,W3Oǵ,password,AdWare@gmail.com
38,K8Fȟ,password,StHayes@gmail.com
39,V8Sȼ,password,SkBarber@gmail.com
40,M0YȢ,password,PaHansen@gmail.com
41,E6Tȇ,password,SaNichols@gmail.com
42,Y9UǴ,password,NaNolan@gmail.com
43,S8Wȣ,password,MaAnthony@gmail.com
44,O4Dȳ,password,ElYu@gmail.com
45,T1Mȓ,password,EmKaufman@gmail.com
46,D6WȢ,password,HaAustin@gmail.com
47,R1OǸ,password,ViMckay@gmail.com
48,U2Pȍ,password,BrKeller@gmail.com
49,K8Nȧ,password,NiFrank@gmail.com
50,Q8HǤ,password,AuCallahan@gmail.com
51,P4OȄ,password,LiPatterson@gmail.com
52,S3DǮ,password,NoLucero@gmail.com
53,A9KȊ,password,OlLe@gmail.com
54,Y8Mȑ,password,MaFritz@gmail.com
55,D7LǺ,password,LoSanford@gmail.com
56,T8Yǫ,password,LuSaunders@gmail.com
57,O3TȞ,password,ElPrice@gmail.com
58,M3Vȴ,password,EtTaylor@gmail.com
59,T6GȰ,password,JaStevenson@gmail.com
60,C2XȨ,password,AiShelton@gmail.com
61,V8EȨ,password,CaZavala@gmail.com
62,Y7UǾ,password,JaTurner@gmail.com
63,H9Wȳ,password,SeGlass@gmail.com
64,H4JɃ,password,AlMarsh@gmail.com
65,H5YȲ,password,BeSalinas@gmail.com
66,T8Mȏ,password,MiBennett@gmail.com
67,K9NȢ,password,JaKaiser@gmail.com
68,W7WȪ,password,WiGibbs@gmail.com
69,N0HȞ,password,GrShaw@gmail.com
70,X3OǤ,password,JaSloan@gmail.com
71,R9Tț,password,HeCruz@gmail.com
72,W2SǮ,password,DaPatel@gmail.com
73,R1Oȕ,password,OwBates@gmail.com
74,D4OǮ,password,LuBarker@gmail.com
75,B5Tǰ,password,WyMays@gmail.com
76,Q8NȺ,password,LeGentry@gmail.com
77,R3Kȥ,password,JaBray@gmail.com
78,X6Gȍ,password,JuStokes@gmail.com
79,O6SȠ,password,GaLara@gmail.com
80,X7TǺ,password,MaMorse@gmail.com
81,K9TȞ,password,DaJohns@gmail.com
82,P8Nȉ,password,JaWalter@gmail.com
83,L0Hǹ,password,LeBush@gmail.com
84,N3Xɀ,password,MaBrady@gmail.com
85,N5QȢ,password,LiGibson@gmail.com
86,N5HȠ,password,MuMason@gmail.com
87,Q2Wȩ,password,AsCastillo@gmail.com
88,H5Rȓ,password,SaHubbard@gmail.com
89,L1Eȗ,password,JoFrost@gmail.com
90,Y4Sȷ,password,AdWeaver@gmail.com
91,S4FǮ,password,RyChandler@gmail.com
92,B6Zȶ,password,IsMcbride@gmail.com
93,C1Qȯ,password,NaCordova@gmail.com
94,X6Eȇ,password,JoChapman@gmail.com
95,K2A4,password,JoCooper@gmail.com
96,R9V1,password,IsSpence@gmail.com
97,V9M9,password,AnMcknight@gmail.com
98,G6J8,password,CaStafford@gmail.com
99,N7N9,password,HuFisher@gmail.com
100,Z8B1,password,ElBowers@gmail.com
101,Y7U2,password,EmPatterson@gmail.com
102,N6B8,password,OlLucero@gmail.com
103,M5B5,password,AvLe@gmail.com
104,Y7T3,password,IsFritz@gmail.com
105,V9B8,password,SoSanford@gmail.com
106,E9L9,password,AmSaunders@gmail.com
107,P3H2,password,MiPrice@gmail.com
108,V4N9,password,ChTaylor@gmail.com
109,V2H2,password,HaStevenson@gmail.com
110,L6Y0,password,MiShelton@gmail.com
111,D9N0,password,ArZavala@gmail.com
112,H3D7,password,ElTurner@gmail.com
113,H4U4,password,EvGlass@gmail.com
114,L1P7,password,AvMarsh@gmail.com
115,A8P3,password,AbSalinas@gmail.com
116,A8X7,password,LuBennett@gmail.com
117,X4S1,password,RiKaiser@gmail.com
118,Q1K7,password,EmGibbs@gmail.com
119,A2Z8,password,ScShaw@gmail.com
120,J1N7,password,ChSloan@gmail.com
121,L1F7,password,SoCruz@gmail.com
122,U3F6,password,LaPatel@gmail.com
123,E5J2,password,LiBates@gmail.com
124,O3K6,password,ElBarker@gmail.com
125,Q7Z3,password,MaMays@gmail.com
126,L1O4,password,ZoGentry@gmail.com
127,C4Y4,password,ElBray@gmail.com
128,W1V9,password,PeStokes@gmail.com
129,K2F9,password,ViLara@gmail.com
130,T9K6,password,GrMorse@gmail.com
131,K5H2,password,NoJohns@gmail.com
132,V2X6,password,CaWalter@gmail.com
133,D2S7,password,AuBush@gmail.com
134,M7B0,password,BeBrady@gmail.com
135,T0Y4,password,HaGibson@gmail.com
136,M6Z4,password,AuMason@gmail.com
137,F9O0,password,AdCastillo@gmail.com
138,H3S9,password,StHubbard@gmail.com
139,E5G6,password,SkFrost@gmail.com
140,Q2C6,password,PaWeaver@gmail.com
141,Q0G4,password,SaChandler@gmail.com
142,T0O3,password,NaMcbride@gmail.com
143,X9M0,password,MaCordova@gmail.com
144,M7C6,password,ElChapman@gmail.com
145,T0S9,password,EmCooper@gmail.com
146,S6E3,password,HaSpence@gmail.com
147,R1T0,password,ViMcknight@gmail.com
148,S4H1,password,BrStafford@gmail.com
149,Q4H8,password,NiFisher@gmail.com
150,F3O5,password,AuBowers@gmail.com
151,H0H0,password,LiCameron@gmail.com
152,F3G0,password,NoDunn@gmail.com
153,U2Q3,password,OlEverett@gmail.com
154,N6S9,password,MaRuiz@gmail.com
155,U0T6,password,LoBarr@gmail.com
156,M6U2,password,LuCastaneda@gmail.com
157,X9H4,password,ElHendrix@gmail.com
158,I7L1,password,EtWoodward@gmail.com
159,Z3R2,password,JaMata@gmail.com
160,I4H9,password,AiMcdaniel@gmail.com
161,F5G6,password,CaReese@gmail.com
162,R6Y7,password,JaBerger@gmail.com
163,G7Y4,password,SeSwanson@gmail.com
164,H5I4,password,AlVelasquez@gmail.com
165,H1K6,password,BeGreene@gmail.com
166,U4S8,password,MiKelley@gmail.com
167,E5K0,password,JaHuffman@gmail.com
168,P5A5,password,WiRoberson@gmail.com
169,X6W1,password,GrMoran@gmail.com
170,H8A6,password,JaBlake@gmail.com
171,B9U4,password,HeCamacho@gmail.com
172,Q2S1,password,DaPeters@gmail.com
173,B2V9,password,OwVaughn@gmail.com
174,W0T1,password,LuJennings@gmail.com
175,H1L9,password,WyBowen@gmail.com
176,W7K3,password,LeAshley@gmail.com
177,I3Z3,password,JaOneill@gmail.com
178,C7W9,password,JuMathews@gmail.com
179,A1K0,password,GaTran@gmail.com
180,Q3A4,password,MaHunter@gmail.com
181,F3Y7,password,DaHull@gmail.com
182,Q5H4,password,JaMeyers@gmail.com
183,D9K8,password,LeClayton@gmail.com
184,D0I4,password,MaGlover@gmail.com
185,U2H0,password,LiBonilla@gmail.com
186,S4L6,password,MuSutton@gmail.com
187,W7E2,password,AsWare@gmail.com
188,C0R5,password,SaHayes@gmail.com
189,K4B9,password,JoBarber@gmail.com
190,U9V4,password,AdHansen@gmail.com
191,P4T7,password,RyNichols@gmail.com
192,B3K5,password,IsNolan@gmail.com
193,S3B7,password,NaAnthony@gmail.com
194,T0Q1,password,JoYu@gmail.com
195,G1X7,password,JoKaufman@gmail.com
196,G3Z7,password,IsAustin@gmail.com
197,T0J2,password,AnMckay@gmail.com
198,G6P7,password,CaKeller@gmail.com
199,F6S2,password,HuFrank@gmail.com
200,S3C8,password,ElCallahan@gmail.com